"","Year","Country.or.territory.of.asylum.or.residence","Country.or.territory.of.origin","Refugees","Refugees.assisted.by.UNHCR","Total.refugees.and.people.in.refugee.like.situations","Total.refugees.and.people.in.refugee.like.situations.assisted.by.UNHCR"
"896","1981","ECU","COL","50",NA,"50",NA
"1215","1982","MEX","COL","100",NA,"100",NA
"1416","1983","ECU","COL",NA,NA,NA,NA
"1572","1983","MEX","COL",NA,NA,NA,NA
"2094","1985","ECU","COL","60",NA,"60",NA
"2400","1986","ECU","COL","50",NA,"50",NA
"2688","1987","ECU","COL","50",NA,"50",NA
"2990","1988","GBR","COL","35",NA,"35",NA
"3444","1989","GBR","COL","65",NA,"65",NA
"3554","1989","ITA","COL","1",NA,"1",NA
"3896","1990","ECU","COL","70",NA,"70",NA
"3921","1990","GBR","COL","93",NA,"93",NA
"4030","1990","ITA","COL","1",NA,"1",NA
"4181","1990","SWE","COL","311",NA,"311",NA
"4276","1990","USA","COL","19",NA,"19",NA
"4478","1991","ECU","COL","120",NA,"120",NA
"4499","1991","GBR","COL","123",NA,"123",NA
"4610","1991","ITA","COL","2",NA,"2",NA
"4755","1991","SPA","COL","35",NA,"35",NA
"4814","1991","SWE","COL","441",NA,"441",NA
"4924","1991","USA","COL","19",NA,"19",NA
"5138","1992","ECU","COL","80",NA,"80",NA
"5161","1992","GBR","COL","133",NA,"133",NA
"5270","1992","ITA","COL","2",NA,"2",NA
"5380","1992","NET","COL","12",NA,"12",NA
"5509","1992","SPA","COL","35",NA,"35",NA
"5573","1992","SWE","COL","546",NA,"546",NA
"5696","1992","USA","COL","35",NA,"35",NA
"5803","1993","ARG","COL","1",NA,"1",NA
"5956","1993","CHL","COL","4",NA,"4",NA
"6102","1993","ECU","COL","92",NA,"92",NA
"6147","1993","GBR","COL","141",NA,"141",NA
"6368","1993","ITA","COL","2",NA,"2",NA
"6483","1993","MEX","COL","75",NA,"75",NA
"6562","1993","NET","COL","12",NA,"12",NA
"6794","1993","SPA","COL","36",NA,"36",NA
"6895","1993","SWE","COL","578",NA,"578",NA
"7066","1993","URU","COL","23",NA,"23",NA
"7095","1993","USA","COL","71",NA,"71",NA
"7153","1993","VEN","COL","7",NA,"7",NA
"7396","1994","CAN","COL","101",NA,"101",NA
"7555","1994","CHL","COL","4",NA,"4",NA
"7708","1994","ECU","COL","112",NA,"112",NA
"7754","1994","GBR","COL","156",NA,"156",NA
"7965","1994","ITA","COL","2",NA,"2",NA
"8114","1994","MEX","COL","74",NA,"74",NA
"8211","1994","NET","COL","12",NA,"12",NA
"8353","1994","PER","COL","1",NA,"1",NA
"8437","1994","SPA","COL","43",NA,"43",NA
"8545","1994","SWE","COL","686",NA,"686",NA
"8743","1994","URU","COL","18",NA,"18",NA
"8773","1994","USA","COL","140",NA,"140",NA
"8836","1994","VEN","COL","14",NA,"14",NA
"9083","1995","CAN","COL","112",NA,"112",NA
"9233","1995","CHL","COL","12",NA,"12",NA
"9270","1995","COS","COL","34",NA,"34",NA
"9371","1995","ECU","COL","92",NA,"92",NA
"9419","1995","FRA","COL","352",NA,"352",NA
"9536","1995","GBR","COL","159",NA,"159",NA
"9595","1995","GUA","COL","1",NA,"1",NA
"9687","1995","ITA","COL","4",NA,"4",NA
"9814","1995","MEX","COL","88",NA,"88",NA
"9926","1995","NET","COL","13",NA,"13",NA
"10196","1995","SPA","COL","45",NA,"45",NA
"10312","1995","SWE","COL","711",NA,"711",NA
"10512","1995","URU","COL","15",NA,"15",NA
"10543","1995","USA","COL","250",NA,"250",NA
"10648","1995","VEN","COL","14",NA,"14",NA
"10760","1996","AUL","COL","13",NA,"13",NA
"11024","1996","CAN","COL","132",NA,"132",NA
"11173","1996","CHL","COL","12",NA,"12",NA
"11216","1996","COS","COL","52",NA,"52",NA
"11332","1996","ECU","COL","93",NA,"93",NA
"11381","1996","FRA","COL","324",NA,"324",NA
"11496","1996","GBR","COL","168",NA,"168",NA
"11557","1996","GUA","COL","1",NA,"1",NA
"11652","1996","ITA","COL","4",NA,"4",NA
"11785","1996","MEX","COL","95",NA,"95",NA
"11897","1996","NET","COL","16",NA,"16",NA
"12063","1996","PAN","COL","7",NA,"7",NA
"12249","1996","SPA","COL","60",NA,"60",NA
"12362","1996","SWE","COL","749",NA,"749",NA
"12588","1996","URU","COL","17",NA,"17",NA
"12624","1996","USA","COL","407",NA,"407",NA
"12754","1996","VEN","COL","18",NA,"18",NA
"12873","1997","AUL","COL","37",NA,"37",NA
"13056","1997","BOL","COL","1",NA,"1",NA
"13156","1997","CAN","COL","151",NA,"151",NA
"13327","1997","CHL","COL","11",NA,"11",NA
"13531","1997","ECU","COL","104",NA,"104",NA
"13592","1997","FRA","COL","318",NA,"318",NA
"13680","1997","GBR","COL","203",NA,"203",NA
"13759","1997","GUA","COL","1",NA,"1",NA
"13890","1997","ITA","COL","4",NA,"4",NA
"14045","1997","MEX","COL","82",NA,"82",NA
"14185","1997","NET","COL","15",NA,"15",NA
"14345","1997","NOR","COL","43",NA,"43",NA
"14456","1997","PAN","COL","10",NA,"10",NA
"14692","1997","SPA","COL","73",NA,"73",NA
"14823","1997","SWE","COL","800",NA,"800",NA
"15067","1997","URU","COL","19",NA,"19",NA
"15109","1997","USA","COL","488",NA,"488",NA
"15247","1997","VEN","COL","17",NA,"17",NA
"15345","1998","ARG","COL","22",NA,"22",NA
"15399","1998","AUL","COL","94",NA,"94",NA
"15506","1998","AUS","COL","13",NA,"13",NA
"15588","1998","BEL","COL","71",NA,"71",NA
"15704","1998","BOL","COL","5",NA,"5",NA
"15726","1998","BRA","COL","4",NA,"4",NA
"15824","1998","CAN","COL","235",NA,"235",NA
"15999","1998","CHL","COL","6",NA,"6",NA
"16127","1998","DEN","COL","2",NA,"2",NA
"16207","1998","ECU","COL","123",NA,"123",NA
"16326","1998","FRA","COL","295",NA,"295",NA
"16454","1998","GBR","COL","405",NA,"405",NA
"16671","1998","ITA","COL","5",NA,"5",NA
"16844","1998","MEX","COL","50",NA,"50",NA
"16976","1998","NET","COL","15",NA,"15",NA
"17139","1998","NOR","COL","44",NA,"44",NA
"17259","1998","PAN","COL","564",NA,"564",NA
"17286","1998","PER","COL","1",NA,"1",NA
"17497","1998","SPA","COL","85",NA,"85",NA
"17632","1998","SWE","COL","773",NA,"773",NA
"17752","1998","SWI","COL","103",NA,"103",NA
"17970","1998","URU","COL","9",NA,"9",NA
"18018","1998","USA","COL","594",NA,"594",NA
"18150","1998","VEN","COL","20",NA,"20",NA
"18255","1999","ARG","COL","22","22","22","22"
"18317","1999","AUL","COL","137",NA,"137",NA
"18432","1999","AUS","COL","18",NA,"18",NA
"18519","1999","BEL","COL","60",NA,"60",NA
"18656","1999","BOL","COL","4","3","4","3"
"18678","1999","BRA","COL","4","4","4","4"
"18781","1999","CAN","COL",NA,NA,NA,NA
"18939","1999","CHL","COL","7","7","7","7"
"18994","1999","COS","COL","64",NA,"64",NA
"19081","1999","DEN","COL","2",NA,"2",NA
"19176","1999","ECU","COL","159","159","159","159"
"19297","1999","FRA","COL","265",NA,"265",NA
"19451","1999","GFR","COL",NA,NA,NA,NA
"19548","1999","GUA","COL","1","1","1","1"
"19749","1999","ISR","COL","1",NA,"1",NA
"19769","1999","ITA","COL",NA,NA,NA,NA
"19948","1999","MEX","COL","53","38","53","38"
"20087","1999","NET","COL",NA,NA,NA,NA
"20195","1999","NOR","COL","94",NA,"94",NA
"20304","1999","PAN","COL","733","733","733","733"
"20332","1999","PER","COL","4","4","4","4"
"20548","1999","SPA","COL","160",NA,"160",NA
"20685","1999","SWE","COL","715",NA,"715",NA
"20745","1999","SWI","COL","122",NA,"122",NA
"20997","1999","URU","COL","10","9","10","9"
"21047","1999","USA","COL","852",NA,"852",NA
"21192","1999","VEN","COL","50","50","50","50"
"21321","2000","ARG","COL","19","4","19","4"
"21386","2000","AUL","COL","185",NA,"185",NA
"21514","2000","AUS","COL","28",NA,"28",NA
"21611","2000","BEL","COL","82",NA,"82",NA
"21753","2000","BOL","COL","3",NA,"3",NA
"21786","2000","BRA","COL","15","12","15","12"
"21846","2000","BUL","COL",NA,NA,NA,NA
"21950","2000","CAN","COL","1077",NA,"1077",NA
"22139","2000","CHL","COL","27","27","27","27"
"22208","2000","COS","COL","515","515","515","515"
"22303","2000","DEN","COL","31",NA,"31",NA
"22400","2000","ECU","COL","1374","322","1374","322"
"22540","2000","FRA","COL","245",NA,"245",NA
"22651","2000","GBR","COL","870",NA,"870",NA
"22717","2000","GFR","COL",NA,NA,NA,NA
"22812","2000","GUA","COL",NA,NA,NA,NA
"23035","2000","IRN","COL",NA,NA,NA,NA
"23050","2000","ISR","COL","2","2","2","2"
"23080","2000","ITA","COL","23",NA,"23",NA
"23307","2000","MEX","COL","61","37","61","37"
"23489","2000","NET","COL","22",NA,"22",NA
"23604","2000","NIC","COL",NA,NA,NA,NA
"23644","2000","NOR","COL","194",NA,"194",NA
"23776","2000","PAN","COL","711","711","711","711"
"23806","2000","PER","COL","4","4","4","4"
"23888","2000","POR","COL","2",NA,"2",NA
"24076","2000","SPA","COL","345",NA,"345",NA
"24241","2000","SWE","COL","622",NA,"622",NA
"24365","2000","SWI","COL","157",NA,"157",NA
"24624","2000","URU","COL","17","15","17","15"
"24676","2000","USA","COL","2614",NA,"2614",NA
"24827","2000","VEN","COL","34","34","34","34"
"24967","2001","ARG","COL","22","7","22","7"
"25036","2001","AUL","COL","235",NA,"235",NA
"25166","2001","AUS","COL","26",NA,"26",NA
"25263","2001","BEL","COL","62",NA,"62",NA
"25416","2001","BOL","COL","3",NA,"3",NA
"25449","2001","BRA","COL","26","20","26","20"
"25590","2001","CAN","COL","2339",NA,"2339",NA
"25782","2001","CHL","COL","51","29","51","29"
"25847","2001","COS","COL","3085",NA,"3085",NA
"25955","2001","DEN","COL","8",NA,"8",NA
"26047","2001","ECU","COL","1614",NA,"1614",NA
"26118","2001","FIN","COL","2",NA,"2",NA
"26193","2001","FRA","COL","253",NA,"253",NA
"26310","2001","GBR","COL","915",NA,"915",NA
"26378","2001","GFR","COL",NA,NA,NA,NA
"26517","2001","GUA","COL","2","2","2","2"
"26562","2001","HON","COL","1","1","1","1"
"26792","2001","ISR","COL","7",NA,"7",NA
"26825","2001","ITA","COL","69",NA,"69",NA
"27080","2001","MEX","COL","94","61","94","61"
"27253","2001","NET","COL","31",NA,"31",NA
"27408","2001","NOR","COL","203",NA,"203",NA
"27486","2001","NZL","COL","5",NA,"5",NA
"27549","2001","PAN","COL","881","881","881","881"
"27578","2001","PER","COL","4","4","4","4"
"27664","2001","POR","COL","4",NA,"4",NA
"27792","2001","SAL","COL","13","13","13","13"
"27862","2001","SPA","COL","490",NA,"490",NA
"28014","2001","SWE","COL","605",NA,"605",NA
"28136","2001","SWI","COL","186",NA,"186",NA
"28399","2001","URU","COL","18","15","18","15"
"28430","2001","USA","COL","6663",NA,"6663",NA
"28508","2001","VEN","COL","21","21","21","21"
"28653","2002","ARG","COL","17","17","17","17"
"28726","2002","AUL","COL","251",NA,"251",NA
"28842","2002","AUS","COL","24",NA,"24",NA
"28935","2002","BEL","COL","40",NA,"40",NA
"29076","2002","BOL","COL","3","1","3","1"
"29111","2002","BRA","COL","63","58","63","58"
"29248","2002","CAN","COL","4051",NA,"4051",NA
"29439","2002","CHL","COL","72","29","72","29"
"29507","2002","COS","COL","7326",NA,"7326",NA
"29516","2002","CUB","COL","3",NA,"3",NA
"29612","2002","DEN","COL","8",NA,"8",NA
"29689","2002","ECU","COL","3122","3122","3122",NA
"29758","2002","FIN","COL","12",NA,"12",NA
"29838","2002","FRA","COL","264",NA,"264",NA
"29963","2002","GBR","COL","1140",NA,"1140",NA
"30043","2002","GFR","COL","236",NA,"236",NA
"30248","2002","GUA","COL","2","2","2","2"
"30285","2002","HKG","COL","1",NA,"1",NA
"30300","2002","HON","COL","2",NA,"2",NA
"30552","2002","ISR","COL","7",NA,"7",NA
"30584","2002","ITA","COL","103",NA,"103",NA
"30839","2002","MEX","COL","114","78","114","78"
"31024","2002","NET","COL","35",NA,"35",NA
"31183","2002","NOR","COL","202",NA,"202",NA
"31265","2002","NZL","COL","21",NA,"21",NA
"31333","2002","PAN","COL","989","321","989","321"
"31362","2002","PER","COL","5","9","5","9"
"31449","2002","POR","COL","6",NA,"6",NA
"31587","2002","SAL","COL","18","18","18","18"
"31654","2002","SPA","COL","537",NA,"537",NA
"31814","2002","SWE","COL","563",NA,"563",NA
"31940","2002","SWI","COL","201",NA,"201",NA
"32197","2002","URU","COL","23","18","23","18"
"32229","2002","USA","COL","11135",NA,"11135",NA
"32346","2002","VEN","COL","21",NA,"21",NA
"32488","2003","ARG","COL","18","18","18","18"
"32557","2003","AUL","COL","212",NA,"212",NA
"32675","2003","AUS","COL","24",NA,"24",NA
"32774","2003","BEL","COL","19",NA,"19",NA
"32943","2003","BOL","COL","13","13","13","13"
"32978","2003","BRA","COL","88","84","88","84"
"33118","2003","CAN","COL","6689",NA,"6689",NA
"33315","2003","CHL","COL","99","29","99","29"
"33380","2003","COS","COL","8266",NA,"8266",NA
"33393","2003","CUB","COL","3",NA,"3",NA
"33492","2003","DEN","COL","8",NA,"8",NA
"33572","2003","ECU","COL","6248","6245","6248",NA
"33641","2003","FIN","COL","12",NA,"12",NA
"33733","2003","FRA","COL","262",NA,"262",NA
"33873","2003","GBR","COL","1317",NA,"1317",NA
"33992","2003","GFR","COL","214",NA,"214",NA
"34197","2003","GUA","COL","2",NA,"2",NA
"34235","2003","HKG","COL","1",NA,"1",NA
"34253","2003","HON","COL","1",NA,"1",NA
"34441","2003","IRE","COL","1",NA,"1",NA
"34561","2003","ISR","COL","7",NA,"7",NA
"34593","2003","ITA","COL","114",NA,"114",NA
"34858","2003","MEX","COL","48","44","48","44"
"35054","2003","NET","COL","85",NA,"85",NA
"35220","2003","NOR","COL","205",NA,"205",NA
"35312","2003","NZL","COL","25",NA,"25",NA
"35386","2003","PAN","COL","860","818","860","818"
"35416","2003","PER","COL","24","21","24","21"
"35508","2003","POR","COL","10",NA,"10",NA
"35645","2003","SAL","COL","16","22","16","22"
"35715","2003","SPA","COL","680",NA,"680",NA
"35892","2003","SWE","COL","572",NA,"572",NA
"36046","2003","SWI","COL","220",NA,"220",NA
"36353","2003","URU","COL","21","19","21","19"
"36403","2003","USA","COL","11590",NA,"11590",NA
"36552","2003","VEN","COL","21",NA,"21",NA
"36703","2004","ARG","COL","34","15","34","15"
"36773","2004","AUL","COL","165",NA,"165",NA
"36885","2004","AUS","COL","24",NA,"24",NA
"36986","2004","BEL","COL","44",NA,"44",NA
"37131","2004","BOL","COL","13","13","13","13"
"37167","2004","BRA","COL","132","128","132","128"
"37316","2004","CAN","COL","9441",NA,"9441",NA
"37489","2004","CHL","COL","189","119","189","119"
"37554","2004","COS","COL","8750",NA,"8750",NA
"37568","2004","CUB","COL","3",NA,"3",NA
"37670","2004","DEN","COL","11",NA,"11",NA
"37749","2004","ECU","COL","8270","8270","8270",NA
"37823","2004","FIN","COL","12",NA,"12",NA
"37907","2004","FRA","COL","286",NA,"286",NA
"38036","2004","GBR","COL","1356",NA,"1356",NA
"38164","2004","GFR","COL","199",NA,"199",NA
"38370","2004","GUA","COL","1",NA,"1",NA
"38410","2004","HKG","COL",NA,NA,NA,NA
"38427","2004","HON","COL","2",NA,"2",NA
"38616","2004","IRE","COL","1",NA,"1",NA
"38707","2004","ISR","COL","1",NA,"1",NA
"38739","2004","ITA","COL","120",NA,"120",NA
"39004","2004","MEX","COL","55","10","55","10"
"39210","2004","NET","COL","110",NA,"110",NA
"39320","2004","NIC","COL","8","8","8","8"
"39377","2004","NOR","COL","213",NA,"213",NA
"39467","2004","NZL","COL","30",NA,"30",NA
"39547","2004","PAN","COL","1022","1099","1022",NA
"39568","2004","PAR","COL","3","3","3","3"
"39579","2004","PER","COL","66","40","66","40"
"39680","2004","POR","COL","11",NA,"11",NA
"39825","2004","SAL","COL","6","6","6","6"
"39896","2004","SPA","COL","820",NA,"820",NA
"40074","2004","SWE","COL","619",NA,"619",NA
"40206","2004","SWI","COL","221",NA,"221",NA
"40496","2004","URU","COL","24","20","24","20"
"40546","2004","USA","COL","14920",NA,"14920",NA
"40693","2004","VEN","COL","199","178","199","178"
"40874","2005","ARG","COL","48","23","48","23"
"40946","2005","AUL","COL","134",NA,"134",NA
"41060","2005","AUS","COL","32",NA,"32",NA
"41164","2005","BEL","COL","62",NA,"62",NA
"41307","2005","BOL","COL","20","17","20","17"
"41350","2005","BRA","COL","360","323","360","323"
"41507","2005","CAN","COL","13511",NA,"13511",NA
"41682","2005","CHL","COL","416","416","416","416"
"41753","2005","COS","COL","9470",NA,"9470",NA
"41767","2005","CUB","COL","10","6","10","6"
"41878","2005","DEN","COL","11",NA,"11",NA
"41958","2005","ECU","COL","9851","9851","9851",NA
"42032","2005","FIN","COL","12",NA,"12",NA
"42118","2005","FRA","COL","295",NA,"295",NA
"42249","2005","GBR","COL","1397",NA,"1397",NA
"42381","2005","GFR","COL","227",NA,"227",NA
"42594","2005","GUA","COL","2",NA,"2",NA
"42647","2005","HON","COL","2",NA,"2",NA
"42727","2005","ICE","COL","24",NA,"24",NA
"42835","2005","IRE","COL","1",NA,"1",NA
"42931","2005","ISR","COL","1","1","1","1"
"42963","2005","ITA","COL","148",NA,"148",NA
"43235","2005","MEX","COL","63","20","63","20"
"43441","2005","NET","COL","341",NA,"341",NA
"43556","2005","NIC","COL","12","6","12","6"
"43615","2005","NOR","COL","220",NA,"220",NA
"43712","2005","NZL","COL","31",NA,"31",NA
"43792","2005","PAN","COL","1137","1103","1137",NA
"43813","2005","PAR","COL","4","4","4","4"
"43825","2005","PER","COL","118","40","118","40"
"43940","2005","POR","COL","18",NA,"18",NA
"44094","2005","SAL","COL","3","2","3","2"
"44165","2005","SPA","COL","944",NA,"944",NA
"44334","2005","SWE","COL","918",NA,"918",NA
"44462","2005","SWI","COL","242",NA,"242",NA
"44763","2005","URU","COL","40","32","40","32"
"44814","2005","USA","COL","19967",NA,"19967",NA
"44960","2005","VEN","COL","358","330","358","330"
"45098","2006","ARG","COL","100","66","100","66"
"45172","2006","AUL","COL","94",NA,"94",NA
"45291","2006","AUS","COL","41",NA,"41",NA
"45395","2006","BEL","COL","54",NA,"54",NA
"45545","2006","BOL","COL","45","35","45","35"
"45590","2006","BRA","COL","415","415","415","415"
"45752","2006","CAN","COL","17378",NA,"17378",NA
"45936","2006","CHL","COL","725","725","725","725"
"46014","2006","COS","COL","9699",NA,"9699",NA
"46028","2006","CUB","COL","10","7","10","7"
"46141","2006","DEN","COL","15",NA,"15",NA
"46221","2006","ECU","COL","11526","11526","11526",NA
"46293","2006","FIN","COL","13",NA,"13",NA
"46382","2006","FRA","COL","337",NA,"337",NA
"46518","2006","GBR","COL","1399",NA,"1399",NA
"46653","2006","GFR","COL","431",NA,"431",NA
"46875","2006","GUA","COL","2",NA,"2",NA
"46925","2006","HON","COL","2",NA,"2",NA
"46949","2006","HUN","COL","1",NA,"1",NA
"47006","2006","ICE","COL","24",NA,"24",NA
"47116","2006","IRE","COL","1",NA,"1",NA
"47216","2006","ISR","COL",NA,NA,NA,NA
"47248","2006","ITA","COL","322",NA,"322",NA
"47550","2006","MEX","COL","99","30","99","30"
"47766","2006","NET","COL","317",NA,"317",NA
"47878","2006","NIC","COL","12",NA,"12",NA
"47937","2006","NOR","COL","220",NA,"220",NA
"48039","2006","NZL","COL","26",NA,"26",NA
"48119","2006","PAN","COL","1248","1135","1248",NA
"48140","2006","PAR","COL","4","4","4","4"
"48152","2006","PER","COL","152","68","152","68"
"48420","2006","SAL","COL","3",NA,"3",NA
"48494","2006","SPA","COL","976",NA,"976",NA
"48660","2006","SWE","COL","1379",NA,"1379",NA
"48793","2006","SWI","COL","255",NA,"255",NA
"49111","2006","URU","COL","41","33","41","33"
"49167","2006","USA","COL","24770",NA,"24770",NA
"49322","2006","VEN","COL","660","237","660","237"
"49470","2007","ARG","COL","152","106","152","106"
"49550","2007","AUL","COL","265",NA,"265",NA
"49678","2007","AUS","COL","38",NA,"38",NA
"49786","2007","BEL","COL","37",NA,"37",NA
"49932","2007","BOL","COL","67","41","67","41"
"49982","2007","BRA","COL","498","286","17498","286"
"50145","2007","CAN","COL","11843",NA,"11843",NA
"50335","2007","CHL","COL","948","948","948","948"
"50425","2007","COS","COL","9739","9739","9739",NA
"50460","2007","CUB","COL",NA,NA,NA,NA
"50592","2007","DEN","COL","8",NA,"8",NA
"50677","2007","ECU","COL","14251","14251","264255",NA
"50777","2007","FIN","COL","13",NA,"13",NA
"50868","2007","FRA","COL","368",NA,"368",NA
"51009","2007","GBR","COL","1368",NA,"1368",NA
"51147","2007","GFR","COL","374",NA,"374",NA
"51368","2007","GUA","COL","1",NA,"1",NA
"51418","2007","HON","COL","2",NA,"2",NA
"51442","2007","HUN","COL","1","1","1","1"
"51501","2007","ICE","COL",NA,NA,NA,NA
"51614","2007","IRE","COL","1",NA,"1",NA
"51746","2007","ITA","COL","388",NA,"388",NA
"52091","2007","MEX","COL","147","31","147","31"
"52318","2007","NET","COL","186",NA,"186",NA
"52429","2007","NIC","COL","17","2","17","2"
"52490","2007","NOR","COL","167",NA,"167",NA
"52591","2007","NZL","COL","33",NA,"33",NA
"52673","2007","PAN","COL","1284","1178","15904",NA
"52696","2007","PAR","COL","8","8","8","8"
"52709","2007","PER","COL","195","90","195","90"
"52824","2007","POR","COL","19",NA,"19",NA
"52984","2007","SAL","COL","3","2","3","2"
"53061","2007","SPA","COL","990",NA,"990",NA
"53234","2007","SWE","COL","285",NA,"285",NA
"53367","2007","SWI","COL","266",NA,"266",NA
"53554","2007","TRT","COL","5","5","5","5"
"53697","2007","URU","COL","49","39","49","39"
"53754","2007","USA","COL","25261",NA,"25261",NA
"53908","2007","VEN","COL","843","237","200843","237"
"54106","2008","FRA","COL","397",NA,"397",NA
"54292","2009","ARG","COL","381","42","381","42"
"54383","2009","AUL","COL","191",NA,"191","0"
"54503","2009","AUS","COL","32",NA,"32","0"
"54631","2009","BEL","COL","32","0","32","0"
"54745","2009","BOL","COL","110","103","110","103"
"54803","2009","BRA","COL","597","494","597","494"
"55006","2009","CAN","COL","14300",NA,"14300","0"
"55242","2009","COS","COL","10199","10199","10199",NA
"55317","2009","CUB","COL","3","3","3","3"
"55466","2009","DEN","COL","8","0","8","0"
"55552","2009","ECU","COL","44380","33445","115745",NA
"55649","2009","SAL","COL","3","0","3","0"
"55699","2009","FIN","COL","13",NA,"13","0"
"55792","2009","FRA","COL","424",NA,"424","0"
"55952","2009","GFR","COL","229",NA,"229","0"
"56166","2009","GUA","COL","1","0","1","0"
"56202","2009","HON","COL","6","0","6","0"
"56239","2009","HUN","COL","1","1","1","1"
"56383","2009","IRE","COL","1","0","1","0"
"56517","2009","ITA","COL","411",NA,"411","0"
"56965","2009","MEX","COL","210","15","210","15"
"57116","2009","NET","COL","306","0","306","0"
"57228","2009","NZL","COL","34",NA,"34","0"
"57292","2009","NIC","COL","7","5","7","5"
"57366","2009","NOR","COL","138",NA,"138","0"
"57479","2009","PAN","COL","1299","1188","15299",NA
"57509","2009","PAR","COL","18","18","18","18"
"57524","2009","PER","COL","275","57","275","57"
"57635","2009","POR","COL","51",NA,"51","0"
"58003","2009","SPA","COL","934",NA,"934","0"
"58008","2008","GBR","COL","1164",NA,"1164",NA
"58089","2008","DEN","COL","8",NA,"8",NA
"58222","2008","FIN","COL","13",NA,"13",NA
"58267","2008","ECU","COL","18337","18337","100637",NA
"58389","2008","HON","COL","4","2","4","2"
"58431","2008","HUN","COL","1","1","1","1"
"58582","2008","IRE","COL","1",NA,"1",NA
"58668","2008","GFR","COL","334",NA,"334",NA
"58905","2008","BEL","COL","29",NA,"29",NA
"59165","2008","ARG","COL","179","39","179","39"
"59320","2008","AUS","COL","37",NA,"37",NA
"59348","2008","AUL","COL","219",NA,"219",NA
"59425","2008","CHL","COL","1061","1061","1061",NA
"59661","2008","COS","COL","9939","9939","9939",NA
"59791","2008","BOL","COL","97","84","97","84"
"59828","2008","BRA","COL","529","498","529","498"
"59949","2008","CAN","COL","13080",NA,"13080",NA
"60046","2008","SWE","COL","244",NA,"244",NA
"60136","2008","SWI","COL","298",NA,"298",NA
"60421","2008","SPA","COL","985",NA,"985",NA
"60506","2008","SAL","COL","3","1","3","1"
"60636","2008","URU","COL","49","33","49","33"
"60696","2008","USA","COL","26447",NA,"26447",NA
"60728","2008","VEN","COL","1094","776","201094",NA
"61049","2008","TRT","COL","5","5","5","5"
"61166","2008","MEX","COL","178","25","178","25"
"61270","2008","POR","COL","37",NA,"37",NA
"61494","2008","ITA","COL","399",NA,"399",NA
"61767","2008","NZL","COL","33",NA,"33",NA
"61867","2008","PAR","COL","14","14","14","14"
"61888","2008","PAN","COL","1303","1197","15303",NA
"61902","2008","PER","COL","232","86","232","86"
"62070","2008","NET","COL","295",NA,"295",NA
"62087","2008","NOR","COL","174",NA,"174",NA
"62204","2008","NIC","COL","13","1","13","1"
"62367","2009","SWE","COL","237",NA,"237","0"
"62495","2009","SWI","COL","290","0","290","0"
"62695","2009","TRT","COL","5","5","5","5"
"62869","2009","GBR","COL","947",NA,"947","0"
"63010","2009","USA","COL","27003","0","27003","0"
"63159","2009","URU","COL","68","42","68","42"
"63189","2009","VEN","COL","1244","923","201244",NA
"63375","2010","ARG","COL","403","52","403","52"
"63468","2010","AUL","COL","148","0","148","0"
"63593","2010","AUS","COL","22","0","22","0"
"63712","2010","BEL","COL","33","0","33","0"
"63859","2010","BOL","COL","127","121","127","121"
"63906","2010","BRA","COL","602","470","602","470"
"64075","2010","CAN","COL","16054","0","16054","0"
"64266","2010","CHL","COL","884","0","884","0"
"64380","2010","COS","COL","10214","10214","10214",NA
"64416","2010","CUB","COL","3","3","3","3"
"64563","2010","DEN","COL","7","0","7","0"
"64648","2010","ECU","COL","52059","49038","120403",NA
"64756","2010","FIN","COL","13","0","13","0"
"64851","2010","FRA","COL","436","0","436","0"
"64997","2010","GBR","COL","650","0","650","0"
"65143","2010","GFR","COL","253","0","253","0"
"65355","2010","GUA","COL","3","2","3","2"
"65403","2010","HON","COL","2","0","2","0"
"65437","2010","HUN","COL","1","0","1","0"
"65496","2010","ICE","COL","6","0","6","0"
"65603","2010","IRE","COL","1","0","1","0"
"65747","2010","ITA","COL","426","0","426","0"
"66161","2010","MEX","COL","233","30","233","30"
"66420","2010","NET","COL","307","0","307","0"
"66527","2010","NIC","COL","6","2","6","2"
"66590","2010","NOR","COL","29","0","29","0"
"66698","2010","NZL","COL","36","0","36","0"
"66786","2010","PAN","COL","1432","1432","15432",NA
"66811","2010","PAR","COL","31","18","31","18"
"66825","2010","PER","COL","307","89","307","89"
"66949","2010","POR","COL","63","0","63","0"
"67138","2010","SAL","COL","3","0","3","0"
"67214","2010","SPA","COL","782","0","782","0"
"67394","2010","SWE","COL","186","0","186","0"
"67523","2010","SWI","COL","310","0","310","0"
"67707","2010","TRT","COL","5","5","5","5"
"67859","2010","URU","COL","82","56","82","56"
"67916","2010","USA","COL","25607","0","25607","0"
"68073","2010","VEN","COL","1467","1067","201467",NA
"68147","2010","ABW","COL","0","0","0","0"
"68260","2011","ARG","COL","456","26","456","26"
"68350","2011","AUL","COL","133","0","133","0"
"68469","2011","AUS","COL","20","0","20","0"
"68585","2011","BEL","COL","39","0","39","0"
"68729","2011","BOL","COL","148","85","148","85"
"68776","2011","BRA","COL","654","501","654","501"
"68940","2011","CAN","COL","17243","0","17243","0"
"69128","2011","CHL","COL","924","577","924","577"
"69240","2011","COS","COL","10297","10297","10297",NA
"69275","2011","CUB","COL","4","4","4","4"
"69494","2011","ECU","COL","54243","54243","122587",NA
"69609","2011","FIN","COL","11","0","11","0"
"69701","2011","FRA","COL","455","0","455","0"
"69850","2011","GBR","COL","564","0","564","0"
"70004","2011","GFR","COL","242","0","242","0"
"70213","2011","GUA","COL","3","0","3","0"
"70257","2011","HON","COL","4","0","4","0"
"70293","2011","HUN","COL","1","0","1","0"
"70455","2011","IRE","COL","1","0","1","0"
"70558","2011","ISR","COL","1","1","1","1"
"70597","2011","ITA","COL","387","0","387","0"
"70902","2011","LVA","COL","1","0","1","0"
"70990","2011","MEX","COL","252","33","252","33"
"71236","2011","NET","COL","300","0","300","0"
"71341","2011","NIC","COL","8","2","8","2"
"71400","2011","NOR","COL","32","0","32","0"
"71504","2011","NZL","COL","32","0","32","0"
"71592","2011","PAN","COL","1598","1500","15598",NA
"71619","2011","PAR","COL","40","10","40","10"
"71633","2011","PER","COL","308","72","308","72"
"71760","2011","POR","COL","71","0","71","0"
"71814","2011","ROM","COL","1","0","1","0"
"71942","2011","SAL","COL","3","1","3","1"
"72015","2011","SPA","COL","664","0","664","0"
"72202","2011","SWE","COL","105","0","105","0"
"72329","2011","SWI","COL","324","0","324","0"
"72513","2011","TRT","COL","5","5","5","5"
"72674","2011","URU","COL","86","53","86","53"
"72731","2011","USA","COL","22004","0","22004","0"
"72880","2011","VEN","COL","1941","1051","201941",NA
"73069","2012","ARG","COL","497","26","497","26"
"73167","2012","AUL","COL","118","0","118","0"
"73292","2012","AUS","COL","19","0","19","0"
"73413","2012","BEL","COL","39","0","39","0"
"73565","2012","BOL","COL","168","98","168","98"
"73614","2012","BRA","COL","742","345","742","345"
"73777","2012","CAN","COL","17563","0","17563","0"
"73970","2012","CHL","COL","942","239","942","239"
"74090","2012","COS","COL","10305","10305","10305",NA
"74127","2012","CUB","COL","1","1","1","1"
"74137","2012","CUW","COL","6","6","6","6"
"74279","2012","DEN","COL","0","0","0","0"
"74364","2012","ECU","COL","54620","54620","122964",NA
"74485","2012","FIN","COL","1","0","1","0"
"74578","2012","FRA","COL","476","0","476","0"
"74741","2012","GBR","COL","341","0","341","0"
"74907","2012","GFR","COL","241","0","241","0"
"75129","2012","GUA","COL","7","3","7","3"
"75177","2012","HON","COL","4","0","4","0"
"75216","2012","HUN","COL","1","0","1","0"
"75389","2012","IRE","COL","1","0","1","0"
"75498","2012","ISR","COL","2","1","2","1"
"75544","2012","ITA","COL","373","0","373","0"
"75894","2012","LVA","COL","1","0","1","0"
"75986","2012","MEX","COL","247","25","247","25"
"76256","2012","NET","COL","295","0","295","0"
"76368","2012","NIC","COL","8","2","8","2"
"76430","2012","NOR","COL","27","0","27","0"
"76540","2012","NZL","COL","17","0","17","0"
"76630","2012","PAN","COL","1723","1723","15723",NA
"76660","2012","PAR","COL","40","11","40","11"
"76676","2012","PER","COL","413","96","413","96"
"76813","2012","POR","COL","76","0","76","0"
"76869","2012","ROM","COL","1","0","1","0"
"77005","2012","SAL","COL","3","0","3","0"
"77082","2012","SPA","COL","637","0","637","0"
"77283","2012","SWE","COL","60","0","60","0"
"77414","2012","SWI","COL","327","0","327","0"
"77614","2012","TRT","COL","8","8","8","8"
"77796","2012","URU","COL","94","55","94","55"
"77854","2012","USA","COL","17766","0","17766","0"
"78011","2012","VEN","COL","3563","3563","203563",NA
